-- phpMyAdmin SQL Dump
-- version 5.2.0
-- https://www.phpmyadmin.net/
--
-- Servidor: 127.0.0.1
-- Tiempo de generación: 11-09-2022 a las 08:11:33
-- Versión del servidor: 10.4.24-MariaDB
-- Versión de PHP: 8.1.6

SET SQL_MODE = "NO_AUTO_VALUE_ON_ZERO";
START TRANSACTION;
SET time_zone = "+00:00";


/*!40101 SET @OLD_CHARACTER_SET_CLIENT=@@CHARACTER_SET_CLIENT */;
/*!40101 SET @OLD_CHARACTER_SET_RESULTS=@@CHARACTER_SET_RESULTS */;
/*!40101 SET @OLD_COLLATION_CONNECTION=@@COLLATION_CONNECTION */;
/*!40101 SET NAMES utf8mb4 */;

--
-- Base de datos: `prueba_tecnica_dev`
--

-- --------------------------------------------------------

--
-- Estructura de tabla para la tabla `areas`
--

CREATE TABLE `areas` (
  `id` int(11) NOT NULL,
  `nombreA` varchar(255) NOT NULL
) ENGINE=InnoDB DEFAULT CHARSET=latin1;

--
-- Volcado de datos para la tabla `areas`
--

INSERT INTO `areas` (`id`, `nombreA`) VALUES
(1, 'Administrativa y Financiera'),
(2, 'Ingeniería'),
(5, 'Desarrollo de Negocio'),
(6, 'Proyectos'),
(7, 'Servicios'),
(8, 'Calidad');

-- --------------------------------------------------------

--
-- Estructura de tabla para la tabla `empleado`
--

CREATE TABLE `empleado` (
  `id` int(11) NOT NULL,
  `nombre` varchar(255) NOT NULL,
  `email` varchar(255) NOT NULL,
  `sexo` char(1) NOT NULL,
  `area_id` int(11) NOT NULL,
  `boletin` int(11) DEFAULT NULL,
  `descripcion` text NOT NULL
) ENGINE=InnoDB DEFAULT CHARSET=latin1;

--
-- Volcado de datos para la tabla `empleado`
--

INSERT INTO `empleado` (`id`, `nombre`, `email`, `sexo`, `area_id`, `boletin`, `descripcion`) VALUES
(3, 'Pedro Pérez', 'pperez@example.co', 'M', 5, 1, 'Hola mundo'),
(4, 'Amalia Bayona', 'abayona@example.co', 'F', 8, 0, 'Para contactar a Amalia Bayona, puede escribir al correo electrónico abayona@example.co'),
(6, 'juan', 'juan_seb.oquendo@gmail.com', 'M', 5, 0, 'soy un buen chico'),
(9, 'sssss', 'javivi@gmail.com', 'F', 6, 0, 'soy juaquin'),
(12, '', '', 'F', 1, 0, ''),
(13, '', '', 'F', 1, 0, ''),
(14, '', '', 'F', 1, 0, ''),
(15, '', '', 'F', 1, 1, ''),
(16, '', '', 'F', 1, 1, ''),
(17, 'jorge garcía', 'jorge@gmail.com', 'M', 6, 1, 'soy un gran trabajdor'),
(18, '', '', 'F', 1, 1, ''),
(19, 'oto', 'oto@gmail.com', 'M', 7, 0, 'soy oto el piloto');

-- --------------------------------------------------------

--
-- Estructura de tabla para la tabla `empleado_rol`
--

CREATE TABLE `empleado_rol` (
  `empleado_id` int(11) NOT NULL,
  `rol_id` int(11) NOT NULL
) ENGINE=InnoDB DEFAULT CHARSET=latin1;

--
-- Volcado de datos para la tabla `empleado_rol`
--

INSERT INTO `empleado_rol` (`empleado_id`, `rol_id`) VALUES
(3, 4),
(3, 7),
(3, 2),
(4, 1),
(4, 2);

-- --------------------------------------------------------

--
-- Estructura de tabla para la tabla `roles`
--

CREATE TABLE `roles` (
  `id` int(11) NOT NULL,
  `nombre` varchar(255) NOT NULL
) ENGINE=InnoDB DEFAULT CHARSET=latin1;

--
-- Volcado de datos para la tabla `roles`
--

INSERT INTO `roles` (`id`, `nombre`) VALUES
(1, 'Desarrollador'),
(2, 'Analista'),
(3, 'Tester'),
(4, 'Diseñador'),
(5, 'Profesional PMO'),
(6, 'Profesional de servicios'),
(7, 'Auxiliar administrativo'),
(8, 'Codirector');

--
-- Índices para tablas volcadas
--

--
-- Indices de la tabla `areas`
--
ALTER TABLE `areas`
  ADD PRIMARY KEY (`id`);

--
-- Indices de la tabla `empleado`
--
ALTER TABLE `empleado`
  ADD PRIMARY KEY (`id`),
  ADD KEY `area_id` (`area_id`);

--
-- Indices de la tabla `empleado_rol`
--
ALTER TABLE `empleado_rol`
  ADD KEY `empleado_id` (`empleado_id`),
  ADD KEY `rol_id` (`rol_id`);

--
-- Indices de la tabla `roles`
--
ALTER TABLE `roles`
  ADD PRIMARY KEY (`id`);

--
-- AUTO_INCREMENT de las tablas volcadas
--

--
-- AUTO_INCREMENT de la tabla `areas`
--
ALTER TABLE `areas`
  MODIFY `id` int(11) NOT NULL AUTO_INCREMENT, AUTO_INCREMENT=9;

--
-- AUTO_INCREMENT de la tabla `empleado`
--
ALTER TABLE `empleado`
  MODIFY `id` int(11) NOT NULL AUTO_INCREMENT, AUTO_INCREMENT=20;

--
-- AUTO_INCREMENT de la tabla `roles`
--
ALTER TABLE `roles`
  MODIFY `id` int(11) NOT NULL AUTO_INCREMENT, AUTO_INCREMENT=9;

--
-- Restricciones para tablas volcadas
--

--
-- Filtros para la tabla `empleado`
--
ALTER TABLE `empleado`
  ADD CONSTRAINT `empleado_ibfk_1` FOREIGN KEY (`area_id`) REFERENCES `areas` (`id`) ON DELETE CASCADE ON UPDATE CASCADE;

--
-- Filtros para la tabla `empleado_rol`
--
ALTER TABLE `empleado_rol`
  ADD CONSTRAINT `empleado_rol_ibfk_1` FOREIGN KEY (`empleado_id`) REFERENCES `empleado` (`id`) ON DELETE CASCADE ON UPDATE CASCADE,
  ADD CONSTRAINT `empleado_rol_ibfk_2` FOREIGN KEY (`rol_id`) REFERENCES `roles` (`id`) ON DELETE CASCADE ON UPDATE CASCADE;
COMMIT;

/*!40101 SET CHARACTER_SET_CLIENT=@OLD_CHARACTER_SET_CLIENT */;
/*!40101 SET CHARACTER_SET_RESULTS=@OLD_CHARACTER_SET_RESULTS */;
/*!40101 SET COLLATION_CONNECTION=@OLD_COLLATION_CONNECTION */;
